Sample ID,Ground Truth,Predicted mu,Predicted sigma,Absolute Error
199,"[np.float32(4.0), np.float32(4.0), np.float32(4.0), np.float32(2.0), np.float32(3.0)]","[np.float32(1.375), np.float32(-0.914), np.float32(0.144), np.float32(1.602), np.float32(1.648)]","[np.float32(0.013), np.float32(0.135), np.float32(0.016), np.float32(0.689), np.float32(0.028)]","[np.float32(2.625), np.float32(4.914), np.float32(3.856), np.float32(0.398), np.float32(1.352)]"
917,"[np.float32(4.0), np.float32(4.0), np.float32(4.0), np.float32(2.0), np.float32(2.0)]","[np.float32(0.16), np.float32(2.891), np.float32(0.684), np.float32(-0.205), np.float32(1.922)]","[np.float32(0.003), np.float32(0.671), np.float32(0.01), np.float32(0.019), np.float32(0.068)]","[np.float32(3.84), np.float32(1.109), np.float32(3.316), np.float32(2.205), np.float32(0.078)]"
536,"[np.float32(3.0), np.float32(3.0), np.float32(4.0), np.float32(2.0), np.float32(2.0)]","[np.float32(-0.101), np.float32(2.719), np.float32(0.494), np.float32(-0.402), np.float32(2.125)]","[np.float32(0.002), np.float32(0.631), np.float32(0.01), np.float32(0.018), np.float32(0.062)]","[np.float32(3.101), np.float32(0.281), np.float32(3.506), np.float32(2.402), np.float32(0.125)]"
210,"[np.float32(4.0), np.float32(4.0), np.float32(4.0), np.float32(2.0), np.float32(2.0)]","[np.float32(1.758), np.float32(-0.93), np.float32(-0.93), np.float32(1.5), np.float32(-0.357)]","[np.float32(0.011), np.float32(0.015), np.float32(0.315), np.float32(0.28), np.float32(1.598)]","[np.float32(2.242), np.float32(4.93), np.float32(4.93), np.float32(0.5), np.float32(2.357)]"
305,"[np.float32(4.0), np.float32(4.0), np.float32(4.0), np.float32(2.0), np.float32(2.0)]","[np.float32(1.148), np.float32(3.828), np.float32(0.895), np.float32(-0.172), np.float32(1.781)]","[np.float32(0.003), np.float32(0.84), np.float32(0.013), np.float32(0.025), np.float32(0.083)]","[np.float32(2.852), np.float32(0.172), np.float32(3.105), np.float32(2.172), np.float32(0.219)]"
1007,"[np.float32(4.0), np.float32(4.0), np.float32(4.0), np.float32(2.0), np.float32(3.0)]","[np.float32(2.719), np.float32(-3.406), np.float32(3.047), np.float32(0.961), np.float32(-0.258)]","[np.float32(0.05), np.float32(0.75), np.float32(0.636), np.float32(0.163), np.float32(0.066)]","[np.float32(1.281), np.float32(7.406), np.float32(0.953), np.float32(1.039), np.float32(3.258)]"
850,"[np.float32(2.0), np.float32(2.0), np.float32(3.0), np.float32(2.0), np.float32(3.0)]","[np.float32(-1.148), np.float32(-0.188), np.float32(0.074), np.float32(-0.977), np.float32(3.078)]","[np.float32(1.157), np.float32(1.269), np.float32(0.007), np.float32(0.048), np.float32(4.846)]","[np.float32(3.148), np.float32(2.188), np.float32(2.926), np.float32(2.977), np.float32(0.078)]"
424,"[np.float32(3.0), np.float32(3.0), np.float32(4.0), np.float32(1.0), np.float32(2.0)]","[np.float32(0.965), np.float32(3.656), np.float32(0.984), np.float32(-0.385), np.float32(1.914)]","[np.float32(0.002), np.float32(0.682), np.float32(0.011), np.float32(0.021), np.float32(0.075)]","[np.float32(2.035), np.float32(0.656), np.float32(3.016), np.float32(1.385), np.float32(0.086)]"
813,"[np.float32(4.0), np.float32(4.0), np.float32(4.0), np.float32(2.0), np.float32(3.0)]","[np.float32(2.125), np.float32(-0.445), np.float32(-0.16), np.float32(-1.656), np.float32(3.719)]","[np.float32(0.042), np.float32(0.043), np.float32(0.076), np.float32(0.469), np.float32(0.03)]","[np.float32(1.875), np.float32(4.445), np.float32(4.16), np.float32(3.656), np.float32(0.719)]"
260,"[np.float32(3.0), np.float32(3.0), np.float32(4.0), np.float32(2.0), np.float32(2.0)]","[np.float32(3.625), np.float32(3.469), np.float32(1.109), np.float32(-0.582), np.float32(-1.203)]","[np.float32(0.035), np.float32(0.22), np.float32(0.097), np.float32(0.127), np.float32(1.455)]","[np.float32(0.625), np.float32(0.469), np.float32(2.891), np.float32(2.582), np.float32(3.203)]"
237,"[np.float32(4.0), np.float32(4.0), np.float32(4.0), np.float32(2.0), np.float32(2.0)]","[np.float32(1.469), np.float32(3.844), np.float32(1.148), np.float32(-0.424), np.float32(1.594)]","[np.float32(0.002), np.float32(0.616), np.float32(0.01), np.float32(0.021), np.float32(0.054)]","[np.float32(2.531), np.float32(0.156), np.float32(2.852), np.float32(2.424), np.float32(0.406)]"
700,"[np.float32(2.0), np.float32(2.0), np.float32(4.0), np.float32(1.0), np.float32(2.0)]","[np.float32(3.172), np.float32(-2.344), np.float32(0.758), np.float32(3.0), np.float32(-2.047)]","[np.float32(2.399), np.float32(0.105), np.float32(0.554), np.float32(1.084), np.float32(1.011)]","[np.float32(1.172), np.float32(4.344), np.float32(3.242), np.float32(2.0), np.float32(4.047)]"
70,"[np.float32(2.0), np.float32(4.0), np.float32(4.0), np.float32(1.0), np.float32(2.0)]","[np.float32(-0.447), np.float32(1.172), np.float32(3.344), np.float32(1.781), np.float32(-0.668)]","[np.float32(0.0), np.float32(0.0), np.float32(0.001), np.float32(0.396), np.float32(0.003)]","[np.float32(2.447), np.float32(2.828), np.float32(0.656), np.float32(0.781), np.float32(2.668)]"
635,"[np.float32(4.0), np.float32(4.0), np.float32(4.0), np.float32(1.0), np.float32(2.0)]","[np.float32(0.996), np.float32(3.734), np.float32(0.812), np.float32(-0.332), np.float32(1.711)]","[np.float32(0.002), np.float32(0.641), np.float32(0.011), np.float32(0.026), np.float32(0.065)]","[np.float32(3.004), np.float32(0.266), np.float32(3.188), np.float32(1.332), np.float32(0.289)]"
543,"[np.float32(3.0), np.float32(3.0), np.float32(4.0), np.float32(2.0), np.float32(1.0)]","[np.float32(1.148), np.float32(3.906), np.float32(0.938), np.float32(-0.123), np.float32(1.586)]","[np.float32(0.003), np.float32(0.776), np.float32(0.012), np.float32(0.026), np.float32(0.08)]","[np.float32(1.852), np.float32(0.906), np.float32(3.062), np.float32(2.123), np.float32(0.586)]"
756,"[np.float32(1.0), np.float32(1.0), np.float32(3.0), np.float32(2.0), np.float32(1.0)]","[np.float32(0.84), np.float32(3.594), np.float32(0.785), np.float32(-0.447), np.float32(1.516)]","[np.float32(0.002), np.float32(0.597), np.float32(0.012), np.float32(0.02), np.float32(0.061)]","[np.float32(0.16), np.float32(2.594), np.float32(2.215), np.float32(2.447), np.float32(0.516)]"
675,"[np.float32(3.0), np.float32(4.0), np.float32(3.0), np.float32(1.0), np.float32(2.0)]","[np.float32(-0.134), np.float32(2.484), np.float32(0.57), np.float32(-0.441), np.float32(1.883)]","[np.float32(0.002), np.float32(0.499), np.float32(0.007), np.float32(0.024), np.float32(0.059)]","[np.float32(3.134), np.float32(1.516), np.float32(2.43), np.float32(1.441), np.float32(0.117)]"
605,"[np.float32(0.0), np.float32(1.0), np.float32(3.0), np.float32(2.0), np.float32(2.0)]","[np.float32(-0.233), np.float32(2.484), np.float32(0.365), np.float32(-0.496), np.float32(1.852)]","[np.float32(0.002), np.float32(0.61), np.float32(0.009), np.float32(0.021), np.float32(0.053)]","[np.float32(0.233), np.float32(1.484), np.float32(2.635), np.float32(2.496), np.float32(0.148)]"
31,"[np.float32(4.0), np.float32(4.0), np.float32(4.0), np.float32(1.0), np.float32(2.0)]","[np.float32(1.18), np.float32(3.906), np.float32(0.934), np.float32(-0.334), np.float32(1.82)]","[np.float32(0.003), np.float32(0.858), np.float32(0.013), np.float32(0.027), np.float32(0.08)]","[np.float32(2.82), np.float32(0.094), np.float32(3.066), np.float32(1.334), np.float32(0.18)]"
688,"[np.float32(4.0), np.float32(4.0), np.float32(4.0), np.float32(1.0), np.float32(2.0)]","[np.float32(-0.91), np.float32(-0.127), np.float32(2.5), np.float32(-0.004), np.float32(0.965)]","[np.float32(0.812), np.float32(0.09), np.float32(0.59), np.float32(0.261), np.float32(0.386)]","[np.float32(4.91), np.float32(4.127), np.float32(1.5), np.float32(1.004), np.float32(1.035)]"
