Epoch,Attribute,Component,pi_mean,mu_mean,mu_std,s_mean,s_std,pi_entropy
1,helpfulness,1,0.08154296875,4.40625,3.796875,1.3828125,2.21875,0.0977
1,helpfulness,2,0.875,0.5546875,1.6953125,1.1171875,1.765625,0.0977
1,helpfulness,3,0.042724609375,0.75,2.28125,1.8203125,2.5625,0.0977
1,correctness,1,0.96484375,0.43359375,2.234375,1.796875,2.53125,0.0432
1,correctness,2,0.02734375,11.625,6.03125,18.75,10.0625,0.0432
1,correctness,3,0.0068359375,-20.0,15.625,1.171875,2.078125,0.0432
1,coherence,1,0.181640625,-8.25,7.375,9.9375,5.46875,0.1016
1,coherence,2,0.7265625,0.57421875,2.03125,1.390625,1.6796875,0.1016
1,coherence,3,0.0927734375,-32.75,26.875,1.421875,2.234375,0.1016
1,complexity,1,0.89453125,1.0703125,2.03125,2.890625,1.3515625,0.0615
1,complexity,2,0.0341796875,-13.375,9.875,1.3671875,2.421875,0.0615
1,complexity,3,0.072265625,-1.9375,2.234375,7.5,2.84375,0.0615
1,verbosity,1,0.01806640625,5.28125,2.609375,1.1484375,1.90625,0.0728
1,verbosity,2,0.81640625,22.0,18.75,62.0,43.25,0.0728
1,verbosity,3,0.1640625,-1.3359375,3.796875,2.984375,2.015625,0.0728
2,helpfulness,1,0.016845703125,-1.6875,4.75,62.75,43.0,0.0193
2,helpfulness,2,0.369140625,10.1875,8.75,1.8046875,2.765625,0.0193
2,helpfulness,3,0.61328125,-3.671875,7.75,39.0,22.625,0.0193
2,correctness,1,0.302734375,9.0625,8.625,2.34375,3.40625,0.0525
2,correctness,2,0.62890625,0.490234375,2.765625,20.125,10.5625,0.0525
2,correctness,3,0.0703125,-18.0,15.3125,1.4921875,2.421875,0.0525
2,coherence,1,0.228515625,-22.625,16.75,28.75,19.125,0.0747
2,coherence,2,0.69140625,5.90625,3.96875,10.125,5.84375,0.0747
2,coherence,3,0.0810546875,-30.25,24.5,3.0,4.25,0.0747
2,complexity,1,0.9765625,0.5,2.09375,3.078125,1.8359375,0.0216
2,complexity,2,0.0159912109375,-17.0,10.8125,2.859375,4.03125,0.0216
2,complexity,3,0.00872802734375,-4.65625,3.34375,12.4375,3.296875,0.0216
2,verbosity,1,0.248046875,1.25,3.046875,1.8828125,2.875,0.0474
2,verbosity,2,0.00518798828125,-4.78125,3.078125,2.21875,3.5,0.0474
2,verbosity,3,0.74609375,4.21875,5.09375,9.5625,2.90625,0.0474
3,helpfulness,1,0.023681640625,-11.875,10.6875,40.0,25.375,0.0206
3,helpfulness,2,0.3671875,8.5,7.4375,2.359375,3.3125,0.0206
3,helpfulness,3,0.609375,10.75,8.0625,21.75,8.4375,0.0206
3,correctness,1,0.31640625,7.96875,7.15625,2.296875,3.421875,0.0376
3,correctness,2,0.609375,2.328125,3.296875,14.8125,6.25,0.0376
3,correctness,3,0.0751953125,-14.75,12.8125,4.34375,4.65625,0.0376
3,coherence,1,0.25390625,-18.875,16.125,23.625,15.6875,0.0708
3,coherence,2,0.7109375,0.59765625,2.5,2.21875,2.3125,0.0708
3,coherence,3,0.03564453125,-32.0,22.625,2.71875,3.96875,0.0708
3,complexity,1,0.9765625,-1.03125,1.6796875,2.234375,2.84375,0.0217
3,complexity,2,0.002349853515625,-14.9375,12.4375,8.0625,6.4375,0.0217
3,complexity,3,0.0223388671875,-4.5,3.296875,8.5,2.609375,0.0217
3,verbosity,1,0.302734375,2.375,2.890625,2.5,3.515625,0.0364
3,verbosity,2,0.01904296875,-6.28125,3.25,2.3125,3.609375,0.0364
3,verbosity,3,0.6796875,6.34375,4.59375,7.9375,3.453125,0.0364
4,helpfulness,1,0.0198974609375,-10.4375,11.5625,40.25,25.125,0.0153
4,helpfulness,2,0.373046875,8.5,8.0,1.9140625,2.78125,0.0153
4,helpfulness,3,0.60546875,2.140625,3.71875,7.34375,7.09375,0.0153
4,correctness,1,0.33203125,7.15625,6.375,3.0,4.09375,0.0369
4,correctness,2,0.59765625,0.0947265625,3.203125,3.765625,5.34375,0.0369
4,correctness,3,0.0703125,-14.3125,12.625,14.875,6.25,0.0369
4,coherence,1,0.228515625,-18.0,14.8125,21.625,14.875,0.0625
4,coherence,2,0.70703125,0.4453125,2.421875,2.453125,2.796875,0.0625
4,coherence,3,0.0634765625,-29.125,22.5,2.484375,3.75,0.0625
4,complexity,1,0.96875,1.1796875,1.6875,2.75,1.7578125,0.0157
4,complexity,2,0.002197265625,-14.9375,12.4375,8.0,6.1875,0.0157
4,complexity,3,0.0277099609375,-3.59375,3.34375,6.21875,3.53125,0.0157
4,verbosity,1,0.203125,2.921875,3.09375,1.8046875,2.859375,0.0569
4,verbosity,2,0.0283203125,-6.125,3.203125,2.09375,3.328125,0.0569
4,verbosity,3,0.76953125,-0.91015625,2.71875,3.671875,2.1875,0.0569
5,helpfulness,1,0.028564453125,-10.6875,11.25,40.25,24.75,0.0236
5,helpfulness,2,0.3671875,7.75,6.5625,1.5859375,2.40625,0.0236
5,helpfulness,3,0.60546875,0.39453125,3.3125,5.8125,7.6875,0.0236
5,correctness,1,0.359375,5.875,5.21875,1.890625,2.859375,0.024
5,correctness,2,0.59375,0.4375,3.125,3.625,5.125,0.024
5,correctness,3,0.047119140625,-14.3125,12.6875,14.9375,6.65625,0.024
5,coherence,1,0.2236328125,-16.5,13.625,20.125,13.625,0.0732
5,coherence,2,0.7109375,0.10302734375,2.140625,1.765625,2.109375,0.0732
5,coherence,3,0.06591796875,-28.625,22.0,2.4375,3.6875,0.0732
5,complexity,1,0.97265625,-0.2021484375,1.3984375,1.265625,1.8046875,0.0176
5,complexity,2,0.00262451171875,-15.0,12.4375,8.125,6.0,0.0176
5,complexity,3,0.0234375,-5.5625,3.46875,7.9375,3.34375,0.0176
5,verbosity,1,0.279296875,2.265625,2.65625,2.1875,3.203125,0.0457
5,verbosity,2,0.025146484375,-6.21875,3.171875,2.09375,3.3125,0.0457
5,verbosity,3,0.6953125,0.0849609375,2.375,1.8359375,2.59375,0.0457
6,helpfulness,1,0.02880859375,-10.75,11.25,40.0,24.875,0.0238
6,helpfulness,2,0.3671875,7.40625,6.4375,1.53125,2.3125,0.0238
6,helpfulness,3,0.60546875,0.07763671875,3.171875,5.5625,7.4375,0.0238
6,correctness,1,0.345703125,5.40625,5.125,1.6875,2.609375,0.0275
6,correctness,2,0.58984375,0.6328125,3.140625,3.375,4.96875,0.0275
6,correctness,3,0.0634765625,-13.9375,12.875,14.5,6.75,0.0275
6,coherence,1,0.2138671875,-15.75,13.4375,19.625,13.5625,0.063
6,coherence,2,0.75390625,0.373046875,2.09375,1.7421875,2.09375,0.063
6,coherence,3,0.03173828125,-28.0,21.25,3.515625,4.84375,0.063
6,complexity,1,0.9765625,-0.486328125,1.375,1.484375,1.453125,0.0156
6,complexity,2,0.002105712890625,-15.0,12.4375,8.0,5.90625,0.0156
6,complexity,3,0.01953125,-5.8125,3.484375,7.71875,3.21875,0.0156
6,verbosity,1,0.267578125,2.21875,2.453125,1.796875,2.71875,0.0454
6,verbosity,2,0.0224609375,-5.96875,3.15625,2.078125,3.296875,0.0454
6,verbosity,3,0.7109375,-0.28125,2.28125,2.171875,2.1875,0.0454
