Retain Percentage,Gaussian URM,Label MDN (Variance),Label MDN (MAD),Residual MDN (Variance),Residual MDN (MAD)
100%,0.876717,0.891122,0.891122,0.884087,0.884087
95%,0.893827,0.894180,0.891711,0.901940,0.903351
90%,0.912137,0.889427,0.887937,0.915115,0.916232
85%,0.926685,0.886874,0.884509,0.923926,0.925897
80%,0.929229,0.884841,0.882747,0.923786,0.925879
75%,0.932529,0.882484,0.879803,0.924039,0.923592
70%,0.932982,0.878889,0.875539,0.922451,0.922930
60%,0.936348,0.870463,0.869905,0.915690,0.924065
50%,0.935657,0.864611,0.858579,0.918901,0.920912
