Method,Accuracy,NLL,Pearson r,Spearman rho,Mean Uncertainty (Correct),Mean Uncertainty (Incorrect),Uncertainty Gap,p-value (T-test)
Gaussian URM Mean,0.876716917922948,1.1682878,0.3017661537769443,0.24776255031285255,1.9440804,6.1790133,4.234933,2.138767e-17
Gaussian URM Mean - 0.25*SD,0.878391959798995,1.1411228,0.2561487710116414,0.23960296299350087,2.0264452,5.642412,3.615967,5.166721e-16
Gaussian URM Mean - 0.25*MAD,0.8790619765494138,1.1395323,0.27500989081981825,0.25092220133927035,1.9919411,5.9650373,3.9730964,1.0989897e-17
Gaussian URM Mean - 0.5*SD,0.8807370184254606,1.1267899,0.2417433886291819,0.23019170994664587,2.0557435,5.4971504,3.441407,1.2850296e-14
Gaussian URM Mean - 0.5*MAD,0.8804020100502512,1.1253763,0.26426283033000053,0.2450797902983046,2.013633,5.849872,3.836239,1.1425806e-16
Gaussian URM Mean - 0.75*SD,0.8814070351758794,1.1212586,0.22358168002940573,0.2237427359370311,2.08779,5.278416,3.1906261,1.2063144e-13
Gaussian URM Mean - 0.75*MAD,0.8830820770519263,1.1203318,0.23806159154281,0.2307642449322986,2.0644007,5.554359,3.4899583,1.4897722e-14
Gaussian URM Mean - 1.0*SD,0.8830820770519263,1.1222378,0.21713896107657593,0.2174586247906261,2.1016443,5.219487,3.117843,5.768304e-13
Gaussian URM Mean - 1.0*MAD,0.8847571189279732,1.1219182,0.2185399634784727,0.22357912621952622,2.100906,5.324822,3.223916,2.8895392e-13
Gaussian URM Mean - 1.5*SD,0.8837520938023451,1.1309035,0.20058838869694443,0.21275205718981582,2.130523,5.017913,2.88739,9.037674e-12
Gaussian URM Mean - 1.5*MAD,0.8857621440536013,1.1360834,0.20829822690047622,0.21720622018314606,2.1200652,5.204631,3.0845656,2.1009622e-12
Gaussian URM Mean - 2.0*SD,0.8844221105527639,1.1398232,0.19533175229026417,0.20399916798435516,2.1403856,4.9591784,2.8187928,3.278989e-11
Gaussian URM Mean - 2.0*MAD,0.8867671691792295,1.1465387,0.20522922588686027,0.21249138457162245,2.1269836,5.177829,3.0508451,5.219611e-12
Label MDN Mean,0.8911222780569514,1.1103688,-0.1249547576637786,-0.11861213211275665,204.24033,190.09187,-14.148453,4.407531e-07
Label MDN Mean - 0.25*SD,0.8807370184254606,1.3675548,-0.16101592507272064,-0.15871886040892444,204.78961,187.26749,-17.522125,3.9122754e-09
Label MDN Mean - 0.25*MAD,0.8800670016750419,1.4786422,-0.15733626398045547,-0.17186229738453418,268.4761,242.37744,-26.098663,1.3349925e-11
Label MDN Mean - 0.5*SD,0.878391959798995,1.7212441,-0.190492908476071,-0.18177141566666605,205.1997,184.6433,-20.556412,4.730843e-12
Label MDN Mean - 0.5*MAD,0.8505862646566165,1.9451135,-0.20442984706293768,-0.22626069619399272,269.9634,239.06001,-30.903397,4.988205e-22
Label MDN Mean - 0.75*SD,0.8760469011725294,2.0160925,-0.197297323753216,-0.19183129599755325,205.3173,184.2008,-21.1165,6.593961e-13
Label MDN Mean - 0.75*MAD,0.7742043551088778,2.444825,-0.27328037020336476,-0.31208992725502394,273.2995,238.0754,-35.224106,0.0
Label MDN Mean - 1.0*SD,0.8726968174204355,2.2106533,-0.21057978640938543,-0.2059702327210675,205.53647,183.2542,-22.282272,1.2811621e-14
Label MDN Mean - 1.0*MAD,0.7350083752093802,2.9728982,-0.30607894628858695,-0.3514368859993858,275.2502,237.87466,-37.37555,0.0
Label MDN Mean - 1.5*SD,0.8683417085427135,2.4899142,-0.22234437370375862,-0.22273530623334906,205.75337,182.56071,-23.192657,1.0575428e-16
Label MDN Mean - 1.5*MAD,0.7011725293132328,4.045239,-0.33319641568327335,-0.38146884246838986,277.0684,237.84056,-39.22783,0.0
Label MDN Mean - 2.0*SD,0.8676716917922948,2.647481,-0.2204855821657052,-0.2241404246418956,205.73672,182.7874,-22.949326,6.475481e-17
Label MDN Mean - 2.0*MAD,0.688107202680067,4.945217,-0.343301864110744,-0.3922212819419157,277.8017,237.86594,-39.93576,0.0
Residual MDN Mean,0.8840871021775545,0.58951837,0.29147034321732757,0.17711174241842825,27.044981,52.005863,24.960882,4.1383644e-19
Residual MDN Mean - 0.25*SD,0.8860971524288107,0.6882824,0.25058627942942313,0.15846508948059132,27.475277,49.098896,21.62362,1.3868799e-15
Residual MDN Mean - 0.25*MAD,0.8847571189279732,0.8142573,0.2780465510781358,0.1724059610031876,30.157618,61.71666,31.559042,2.60006e-18
Residual MDN Mean - 0.5*SD,0.8773869346733668,0.95985836,0.22995744807345644,0.15956510713510766,27.581594,46.802002,19.220407,5.4867656e-15
Residual MDN Mean - 0.5*MAD,0.8800670016750419,1.1865807,0.2673700122449784,0.1732420590345085,30.217316,60.04441,29.827095,6.807285e-18
Residual MDN Mean - 0.75*SD,0.8700167504187605,1.181569,0.2131373473899709,0.1463191721085021,27.679775,45.05503,17.375256,8.486617e-14
Residual MDN Mean - 0.75*MAD,0.8747068676716918,1.3746333,0.25100645166958385,0.15651140506641692,30.351524,57.831448,27.479923,1.0351312e-16
Residual MDN Mean - 1.0*SD,0.8673366834170855,1.3389082,0.21089800478665793,0.1433231649840814,27.677095,44.721523,17.044428,1.1606432e-13
Residual MDN Mean - 1.0*MAD,0.8716917922948074,1.4791917,0.23882033495294802,0.15402555009142477,30.47377,56.355194,25.881424,7.4304573e-16
Residual MDN Mean - 1.5*SD,0.8586264656616416,1.5482321,0.1992724378211306,0.13864531228347227,27.72156,43.401344,15.679785,5.024103e-13
Residual MDN Mean - 1.5*MAD,0.861641541038526,1.6119294,0.2253698822723859,0.14201252627330732,30.521458,54.17821,23.656754,3.5857234e-15
Residual MDN Mean - 2.0*SD,0.8472361809045226,1.6870775,0.18163379108218455,0.11590521427550593,27.823881,41.66475,13.840868,8.998531e-12
Residual MDN Mean - 2.0*MAD,0.8532663316582915,1.7214763,0.21453477953377503,0.12424327850764552,30.570192,52.544537,21.974344,1.871439e-14
