Method,Beta,Accuracy
Gaussian URM Mean,0.0,0.876717
Gaussian URM Mean,0.25,0.878392
Gaussian URM Mean,0.25,0.879062
Gaussian URM Mean,0.5,0.880737
Gaussian URM Mean,0.5,0.880402
Gaussian URM Mean,0.75,0.881407
Gaussian URM Mean,0.75,0.883082
Gaussian URM Mean,1.0,0.883082
Gaussian URM Mean,1.0,0.884757
Gaussian URM Mean,1.5,0.883752
Gaussian URM Mean,1.5,0.885762
Gaussian URM Mean,2.0,0.884422
Gaussian URM Mean,2.0,0.886767
Label MDN Mean,0.0,0.891122
Label MDN Mean,0.25,0.880737
Label MDN Mean,0.25,0.880067
Label MDN Mean,0.5,0.878392
Label MDN Mean,0.5,0.850586
Label MDN Mean,0.75,0.876047
Label MDN Mean,0.75,0.774204
Label MDN Mean,1.0,0.872697
Label MDN Mean,1.0,0.735008
Label MDN Mean,1.5,0.868342
Label MDN Mean,1.5,0.701173
Label MDN Mean,2.0,0.867672
Label MDN Mean,2.0,0.688107
Residual MDN Mean,0.0,0.884087
Residual MDN Mean,0.25,0.886097
Residual MDN Mean,0.25,0.884757
Residual MDN Mean,0.5,0.877387
Residual MDN Mean,0.5,0.880067
Residual MDN Mean,0.75,0.870017
Residual MDN Mean,0.75,0.874707
Residual MDN Mean,1.0,0.867337
Residual MDN Mean,1.0,0.871692
Residual MDN Mean,1.5,0.858626
Residual MDN Mean,1.5,0.861642
Residual MDN Mean,2.0,0.847236
Residual MDN Mean,2.0,0.853266
